{
  "assetsByChunkName": {
    "vendors~app-account~app-confirmation~app-order": "chunk.403087a752af81de36bb.js",
    "vendors~app-account~app-checkout": "chunk.f30e7b97f7a90c1faf74.js",
    "vendors~app-cart~app-checkout": "chunk.3d328ddeb8fee0d910d3.js",
    "admin": [
      "admin.0c5cc9574fc47d2628a2.js",
      "admin.0c5cc9574fc47d2628a2.js.map"
    ],
    "app-account": "chunk.f764a4a4a0c8c5520e77.js",
    "app-checkout": "chunk.ffaa16416e9506e8c89c.js",
    "app-confirmation": "chunk.da8e2a043e9b9fa5f6e3.js",
    "checkout": [
      "checkout.cf7bbe03933987562df1.js",
      "checkout.cf7bbe03933987562df1.js.map"
    ],
    "storefront": [
      "storefront.5493968ce1913589e999.css",
      "storefront.8b46983af9cc4ef6483c.js",
      "storefront.5493968ce1913589e999.css.map",
      "storefront.8b46983af9cc4ef6483c.js.map"
    ],
    "vendors~app-cart": "chunk.014cb5d82cc254c13836.js",
    "vendors~app-order": "chunk.d910b5b969aca461394a.js"
  }
}